{"graph": {"_type": "graph-file", "path": "media/graph/graph_summary_75b32d90deaa462a9956.graph.json", "sha256": "75b32d90deaa462a9956780c693218ba66ffc929efc0525a927a52368f64039c", "size": 2667}, "epoch": 27, "_timestamp": 1649428499, "_runtime": 2706, "loss": 0.0017106946324929595, "accuracy": 0.7894725203514099, "AUC": 0.5932862758636475, "val_loss": 0.0021632767748087645, "val_accuracy": 0.8002686500549316, "val_AUC": 0.6307801008224487, "_step": 27, "best_val_loss": 4.793017465929827e-30, "best_epoch": 14, "_wandb": {"runtime": 2707}}