{"graph": {"_type": "graph-file", "path": "media/graph/graph_summary_b3de27c6ff4930f7e7fa.graph.json", "sha256": "b3de27c6ff4930f7e7fa5c595f2d335a7888a020fbfd4b02b100e30eaca0914d", "size": 972}, "epoch": 25, "_timestamp": 1647468685, "_runtime": 3273, "loss": 0.4979762136936188, "accuracy": 0.7648817896842957, "AUC": 0.8375384211540222, "val_loss": 0.5092214941978455, "val_accuracy": 0.7524092793464661, "val_AUC": 0.8164779543876648, "_step": 25, "best_val_loss": 0.494902104139328, "best_epoch": 13, "_wandb": {"runtime": 3274}}