{"graph": {"_type": "graph-file", "path": "media/graph/graph_summary_f26c39c84e2260c1c2fb.graph.json", "sha256": "f26c39c84e2260c1c2fbf8ca67da4d252b2352ca51b580f5c2cf89361d44eed8", "size": 904}, "epoch": 11, "_timestamp": 1647460662, "_runtime": 70, "loss": 0.536899745464325, "accuracy": 0.7251940965652466, "AUC": 0.8066137433052063, "val_loss": 0.5810518860816956, "val_accuracy": 0.7035066485404968, "val_AUC": 0.813315212726593, "_step": 11, "best_val_loss": 0.5197473764419556, "best_epoch": 1, "_wandb": {"runtime": 70}}