{"graph": {"_type": "graph-file", "path": "media/graph/graph_summary_15fa0a9e68e11398ad9a.graph.json", "sha256": "15fa0a9e68e11398ad9aa3ef71008e31d49178a2d4d0cb8639862137d93e5bbd", "size": 1394}, "epoch": 11, "_timestamp": 1647460183, "_runtime": 95, "loss": 0.5403110384941101, "accuracy": 0.7268242239952087, "AUC": 0.8044781684875488, "val_loss": 0.6024155020713806, "val_accuracy": 0.6887967586517334, "val_AUC": 0.8136035799980164, "_step": 11, "best_val_loss": 0.5317878723144531, "best_epoch": 1, "_wandb": {"runtime": 95}}