{"graph": {"_type": "graph-file", "path": "media/graph/graph_summary_cc262bf982773f2d65b3.graph.json", "sha256": "cc262bf982773f2d65b3204b6110e253fb9652dbfa92fc8e4e24633fee2ecf51", "size": 1878}, "epoch": 49, "_timestamp": 1648650367, "_runtime": 564, "loss": 0.5230293273925781, "accuracy": 0.7418168783187866, "AUC": 0.8176084756851196, "val_loss": 0.5259828567504883, "val_accuracy": 0.7329655885696411, "val_AUC": 0.8177104592323303, "_step": 49, "best_val_loss": 0.5007008910179138, "best_epoch": 36, "_wandb": {"runtime": 565}}