{"graph": {"_type": "graph-file", "path": "media/graph/graph_summary_ed0c92c7e71c134cf9be.graph.json", "sha256": "ed0c92c7e71c134cf9be90747706a47081cfea50516cf7a61a78a499a6d9deb7", "size": 1679}, "epoch": 10, "_timestamp": 1646917378, "_runtime": 4251, "loss": 0.48040714859962463, "accuracy": 0.7795790433883667, "AUC": 0.849073588848114, "val_loss": 0.5224753618240356, "val_accuracy": 0.7516798377037048, "val_AUC": 0.8296039700508118, "_step": 34, "best_val_loss": 0.4149833917617798, "best_epoch": 0, "_wandb": {"runtime": 4248}}