{"graph": {"_type": "graph-file", "path": "media/graph/graph_summary_75b32d90deaa462a9956.graph.json", "sha256": "75b32d90deaa462a9956780c693218ba66ffc929efc0525a927a52368f64039c", "size": 2667}, "epoch": 8, "_timestamp": 1649438095, "_runtime": 946, "loss": 0.0024417692329734564, "accuracy": 0.8052041530609131, "AUC": 0.6610442399978638, "val_loss": 0.0033165982458740473, "val_accuracy": 0.7885189652442932, "val_AUC": 0.6019279360771179, "_step": 8, "best_val_AUC": 0.5214352607727051, "best_epoch": 7, "_wandb": {"runtime": 1042}}