{"graph": {"_type": "graph-file", "path": "media/graph/graph_summary_90d0a948c2ce004564a2.graph.json", "sha256": "90d0a948c2ce004564a2b1eb9bbb56d0638ed6dcb9d494d82f61c76cc1d1458a", "size": 903}, "epoch": 51, "_timestamp": 1647459927, "_runtime": 195, "loss": 0.5370672345161438, "accuracy": 0.7243377566337585, "AUC": 0.8063238859176636, "val_loss": 0.663238525390625, "val_accuracy": 0.624714732170105, "val_AUC": 0.8127113580703735, "_step": 51, "best_val_loss": 0.5242339372634888, "best_epoch": 1, "_wandb": {"runtime": 198}}