{"graph": {"_type": "graph-file", "path": "media/graph/graph_summary_f159e0fca0b87ee97433.graph.json", "sha256": "f159e0fca0b87ee974332c7e88813067faab999fd8d334d7b4c230fdc3d9e470", "size": 1737}, "epoch": 14, "_timestamp": 1646920160, "_runtime": 1750, "loss": 0.4849914014339447, "accuracy": 0.7780043482780457, "AUC": 0.8471314311027527, "val_loss": 0.5213274955749512, "val_accuracy": 0.7381434440612793, "val_AUC": 0.8240556716918945, "_step": 14, "best_val_loss": 0.474671334028244, "best_epoch": 4, "_wandb": {"runtime": 1757}}