{"graph": {"_type": "graph-file", "path": "media/graph/graph_summary_fa34e73646f09e18d6f2.graph.json", "sha256": "fa34e73646f09e18d6f2e11a91fc600bc345c1f47125046bca91c5aa273e43ca", "size": 961}, "epoch": 49, "_timestamp": 1647461361, "_runtime": 185, "loss": 0.5379091501235962, "accuracy": 0.7231205701828003, "AUC": 0.8054720759391785, "val_loss": 0.5333772301673889, "val_accuracy": 0.7231981158256531, "val_AUC": 0.8106532096862793, "_step": 49, "best_val_loss": 0.5043433904647827, "best_epoch": 43, "_wandb": {"runtime": 188}}