{"graph": {"_type": "graph-file", "path": "media/graph/graph_summary_31ad5e3d21eab4a4da24.graph.json", "sha256": "31ad5e3d21eab4a4da24d6179e868e24037f17f8d9d9f247e76f01ffbf8699d3", "size": 2667}, "epoch": 26, "_timestamp": 1649359491, "_runtime": 2650, "loss": 0.0017482010880485177, "accuracy": 0.7847387194633484, "AUC": 0.5802783966064453, "val_loss": 0.002558178035542369, "val_accuracy": 0.7805250287055969, "val_AUC": 0.5591177344322205, "_step": 26, "best_val_loss": 3.7969613913446665e-05, "best_epoch": 23, "_wandb": {"runtime": 2654}}