{"graph": {"_type": "graph-file", "path": "media/graph/graph_summary_6a27c0a73f3036672400.graph.json", "sha256": "6a27c0a73f303667240088c7f6997b8657a45bdebab36c5bc9669f4a0371d63e", "size": 1885}, "epoch": 9, "_timestamp": 1646421074, "_runtime": 1249, "loss": 0.008968141861259937, "accuracy": 0.7764737010002136, "AUC": 0.563743531703949, "f1_score": 0.17109598219394684, "val_loss": 0.016110561788082123, "val_accuracy": 0.7959664463996887, "val_AUC": 0.7028911113739014, "val_f1_score": 0.4788181185722351, "_step": 9, "best_val_loss": 0.00738444272428751, "best_epoch": 7, "_wandb": {"runtime": 1251}}