{"graph": {"_type": "graph-file", "path": "media/graph/graph_summary_75b32d90deaa462a9956.graph.json", "sha256": "75b32d90deaa462a9956780c693218ba66ffc929efc0525a927a52368f64039c", "size": 2667}, "epoch": 32, "_timestamp": 1649441414, "_runtime": 3170, "loss": 0.001799842226319015, "accuracy": 0.787438154220581, "AUC": 0.5867649912834167, "val_loss": 0.09668686985969543, "val_accuracy": 0.7573255896568298, "val_AUC": 0.50056391954422, "_step": 32, "best_val_AUC": 0.7240191698074341, "best_epoch": 2, "_wandb": {"runtime": 3246}}