{"graph": {"_type": "graph-file", "path": "media/graph/graph_summary_939911847aa994a84374.graph.json", "sha256": "939911847aa994a8437404ee6060cee55eef3e630d4630c69555707410b46a39", "size": 1885}, "epoch": 11, "_timestamp": 1647460402, "_runtime": 129, "loss": 0.5391216278076172, "accuracy": 0.7282413244247437, "AUC": 0.804802417755127, "val_loss": 0.5802000761032104, "val_accuracy": 0.7116310000419617, "val_AUC": 0.8125030398368835, "_step": 11, "best_val_loss": 0.5345118641853333, "best_epoch": 1, "_wandb": {"runtime": 130}}