{"graph": {"_type": "graph-file", "path": "media/graph/graph_summary_03c7e60e71b4f25ad593.graph.json", "sha256": "03c7e60e71b4f25ad5930c5a6f2c4083cafe1183541562376f0d43805e1164c3", "size": 2809}, "epoch": 17, "_timestamp": 1649446142, "_runtime": 2678, "loss": 0.48983103036880493, "accuracy": 0.7751666903495789, "AUC": 0.8432251214981079, "val_loss": 0.5170090198516846, "val_accuracy": 0.7595425248146057, "val_AUC": 0.8320543766021729, "_step": 17, "best_val_AUC": 0.833764374256134, "best_epoch": 10, "_wandb": {"runtime": 2786}}