{"graph": {"_type": "graph-file", "path": "media/graph/graph_summary_6a27c0a73f3036672400.graph.json", "sha256": "6a27c0a73f303667240088c7f6997b8657a45bdebab36c5bc9669f4a0371d63e", "size": 1885}, "epoch": 9, "_timestamp": 1646425141, "_runtime": 1298, "loss": 0.012212678790092468, "accuracy": 0.7897101640701294, "AUC": 0.5989423394203186, "f1_score": 0.29108956456184387, "val_loss": -5663135.0, "val_accuracy": 0.7575188279151917, "val_AUC": 0.5011011958122253, "val_f1_score": 0.002701170975342393, "_step": 9, "best_val_loss": -5663135.0, "best_epoch": 9, "_wandb": {"runtime": 1301}}