{"graph": {"_type": "graph-file", "path": "media/graph/graph_summary_146159355bc359ec2eae.graph.json", "sha256": "146159355bc359ec2eae7bcac378201990cd60d860ff8b4f2107aa8d166754a9", "size": 998}, "epoch": 25, "_timestamp": 1647631203, "_runtime": 3771, "loss": 0.5238842368125916, "accuracy": 0.7442337870597839, "AUC": 0.8169397711753845, "val_loss": 0.4955142140388489, "val_accuracy": 0.7636242508888245, "val_AUC": 0.8145010471343994, "_step": 25, "best_val_loss": 0.48721686005592346, "best_epoch": 13, "_wandb": {"runtime": 3777}}