{"graph": {"_type": "graph-file", "path": "media/graph/graph_summary_6a27c0a73f3036672400.graph.json", "sha256": "6a27c0a73f303667240088c7f6997b8657a45bdebab36c5bc9669f4a0371d63e", "size": 1885}, "epoch": 9, "_timestamp": 1646423638, "_runtime": 1265, "loss": 0.01755434088408947, "accuracy": 0.7701521515846252, "AUC": 0.5451523661613464, "f1_score": 0.11999340355396271, "val_loss": 0.056596074253320694, "val_accuracy": 0.7595043182373047, "val_AUC": 0.5085452795028687, "val_f1_score": 0.021160613745450974, "_step": 9, "best_val_loss": -3.0153926965532896e+24, "best_epoch": 8, "_wandb": {"runtime": 1267}}