{"graph": {"_type": "graph-file", "path": "media/graph/graph_summary_6a27c0a73f3036672400.graph.json", "sha256": "6a27c0a73f303667240088c7f6997b8657a45bdebab36c5bc9669f4a0371d63e", "size": 1885}, "epoch": 7, "_timestamp": 1646426378, "_runtime": 937, "loss": 0.023293713107705116, "accuracy": 0.7936321496963501, "AUC": 0.6183183789253235, "f1_score": 0.34564709663391113, "val_loss": 1.3606699705123901, "val_accuracy": 0.7603943347930908, "val_AUC": 0.509315013885498, "val_f1_score": 0.02776407264173031, "_step": 7, "best_val_loss": -Infinity, "best_epoch": 2, "_wandb": {"runtime": 939}}