{"graph": {"_type": "graph-file", "path": "media/graph/graph_summary_fa34e73646f09e18d6f2.graph.json", "sha256": "fa34e73646f09e18d6f2e11a91fc600bc345c1f47125046bca91c5aa273e43ca", "size": 961}, "epoch": 19, "_timestamp": 1647461032, "_runtime": 84, "loss": 0.5370696187019348, "accuracy": 0.7255114316940308, "AUC": 0.806179404258728, "val_loss": 0.5415815711021423, "val_accuracy": 0.7203421592712402, "val_AUC": 0.8111797571182251, "_step": 19, "best_val_loss": 0.512245774269104, "best_epoch": 13, "_wandb": {"runtime": 83}}