{"graph": {"_type": "graph-file", "path": "media/graph/graph_summary_ed0c92c7e71c134cf9be.graph.json", "sha256": "ed0c92c7e71c134cf9be90747706a47081cfea50516cf7a61a78a499a6d9deb7", "size": 1679}, "epoch": 15, "_timestamp": 1646927934, "_runtime": 1421, "loss": 0.007446040399372578, "accuracy": 0.7829651236534119, "AUC": 0.5783008933067322, "val_loss": 0.0064393398351967335, "val_accuracy": 0.7913879156112671, "val_AUC": 0.6179149746894836, "_step": 15, "best_val_loss": -4631243264.0, "best_epoch": 5, "_wandb": {"runtime": 1424}}