{"graph": {"_type": "graph-file", "path": "media/graph/graph_summary_b3de27c6ff4930f7e7fa.graph.json", "sha256": "b3de27c6ff4930f7e7fa5c595f2d335a7888a020fbfd4b02b100e30eaca0914d", "size": 972}, "epoch": 8, "_timestamp": 1647465289, "_runtime": 1126, "loss": 0.5255552530288696, "accuracy": 0.7425602078437805, "AUC": 0.8157848119735718, "val_loss": 0.5170632600784302, "val_accuracy": 0.7410508394241333, "val_AUC": 0.8175470232963562, "_step": 8, "best_val_loss": 0.5124760866165161, "best_epoch": 0, "_wandb": {"runtime": 1206}}