{"graph": {"_type": "graph-file", "path": "media/graph/graph_summary_6f351a886c83957b556c.graph.json", "sha256": "6f351a886c83957b556cbdf21390d1c76e0afe6d2af36295da080311ab2b4790", "size": 897}, "epoch": 14, "_timestamp": 1647460803, "_runtime": 71, "loss": 0.5412831902503967, "accuracy": 0.7226989269256592, "AUC": 0.8026613593101501, "val_loss": 0.5221275687217712, "val_accuracy": 0.7325873970985413, "val_AUC": 0.8127021789550781, "_step": 14, "best_val_loss": 0.5104999542236328, "best_epoch": 4, "_wandb": {"runtime": 74}}