{"graph": {"_type": "graph-file", "path": "media/graph/graph_summary_be4b93b541999d7e1ce9.graph.json", "sha256": "be4b93b541999d7e1ce9908033cf96c8cbcdf5ea2006862424b2681df13c8da1", "size": 2052}, "epoch": 49, "_timestamp": 1648654122, "_runtime": 648, "loss": 0.5230293273925781, "accuracy": 0.7418168783187866, "AUC": 0.8176084756851196, "val_loss": 0.5275735259056091, "val_accuracy": 0.7321310043334961, "val_AUC": 0.8165615200996399, "_step": 49, "best_val_loss": 0.5018830895423889, "best_epoch": 36, "_wandb": {"runtime": 650}}