{"graph": {"_type": "graph-file", "path": "media/graph/graph_summary_e39b8a9ee031f0b75f6d.graph.json", "sha256": "e39b8a9ee031f0b75f6d209338571cf26795f351ad30474283c0ae0167328252", "size": 2058}, "epoch": 49, "_timestamp": 1649083777, "_runtime": 8080, "loss": 0.5104030966758728, "accuracy": 0.7651339173316956, "AUC": 0.831171452999115, "val_loss": 0.4881695508956909, "val_accuracy": 0.7722050547599792, "val_AUC": 0.8221479654312134, "_step": 49, "best_val_loss": 0.4709618389606476, "best_epoch": 34, "_wandb": {"runtime": 8092}}