{"graph": {"_type": "graph-file", "path": "media/graph/graph_summary_e39b8a9ee031f0b75f6d.graph.json", "sha256": "e39b8a9ee031f0b75f6d209338571cf26795f351ad30474283c0ae0167328252", "size": 2058}, "epoch": 3, "_timestamp": 1649076387, "_runtime": 690, "loss": 0.5582751035690308, "accuracy": 0.7127183079719543, "AUC": 0.791451096534729, "val_loss": 0.5452162027359009, "val_accuracy": 0.725062906742096, "val_AUC": 0.8046300411224365, "_step": 3, "best_val_loss": 0.5097656846046448, "best_epoch": 2}