{"graph": {"_type": "graph-file", "path": "media/graph/graph_summary_42cff1a634b173a7bce9.graph.json", "sha256": "42cff1a634b173a7bce94afdc77429d8f1d50b593f57a6ce30cdd0895d2343ac", "size": 1763}, "epoch": 48, "_timestamp": 1647645018, "_runtime": 6589, "loss": 0.4925771951675415, "accuracy": 0.7687766551971436, "AUC": 0.841323971748352, "val_loss": 0.501427412033081, "val_accuracy": 0.7583036422729492, "val_AUC": 0.8268666863441467, "_step": 48, "best_val_loss": 0.46614009141921997, "best_epoch": 13, "_wandb": {"runtime": 6594}}