{"graph": {"_type": "graph-file", "path": "media/graph/graph_summary_31ad5e3d21eab4a4da24.graph.json", "sha256": "31ad5e3d21eab4a4da24d6179e868e24037f17f8d9d9f247e76f01ffbf8699d3", "size": 2667}, "epoch": 9, "_timestamp": 1649257382, "_runtime": 1357, "loss": 0.5061279535293579, "accuracy": 0.7637516260147095, "AUC": 0.8310601115226746, "val_loss": 0.5857553482055664, "val_accuracy": 0.7035718560218811, "val_AUC": 0.8323426842689514, "_step": 9, "best_val_loss": 0.4168678820133209, "best_epoch": 7, "_wandb": {"runtime": 1361}}