{"graph": {"_type": "graph-file", "path": "media/graph/graph_summary_ed0c92c7e71c134cf9be.graph.json", "sha256": "ed0c92c7e71c134cf9be90747706a47081cfea50516cf7a61a78a499a6d9deb7", "size": 1679}, "epoch": 14, "_timestamp": 1646923620, "_runtime": 1890, "loss": 0.4847356379032135, "accuracy": 0.7747276425361633, "AUC": 0.8470194935798645, "val_loss": 0.4958537220954895, "val_accuracy": 0.7551478147506714, "val_AUC": 0.8284606337547302, "_step": 14, "best_val_loss": 0.46084147691726685, "best_epoch": 4, "_wandb": {"runtime": 1890}}