{"graph": {"_type": "graph-file", "path": "media/graph/graph_summary_fa34e73646f09e18d6f2.graph.json", "sha256": "fa34e73646f09e18d6f2e11a91fc600bc345c1f47125046bca91c5aa273e43ca", "size": 961}, "epoch": 245, "_timestamp": 1647462222, "_runtime": 163, "loss": 0.006791520398110151, "accuracy": 0.7865340113639832, "AUC": 0.5754997134208679, "val_loss": 0.006854023784399033, "val_accuracy": 0.7888710498809814, "val_AUC": 0.5813140869140625, "_step": 245, "best_val_loss": 0.006625405978411436, "best_epoch": 95, "_wandb": {"runtime": 164}}