{"graph": {"_type": "graph-file", "path": "media/graph/graph_summary_33ec767d4956902f779c.graph.json", "sha256": "33ec767d4956902f779c332a658548b91ca0829eaa640222daa422d446896ba6", "size": 2856}, "epoch": 19, "_timestamp": 1649254678, "_runtime": 268, "loss": 0.5360406637191772, "accuracy": 0.7305843234062195, "AUC": 0.806489109992981, "val_loss": 0.5306740999221802, "val_accuracy": 0.7331090569496155, "val_AUC": 0.8125351071357727, "_step": 19, "best_val_loss": 0.5085050463676453, "best_epoch": 17, "_wandb": {"runtime": 269}}