{"graph": {"_type": "graph-file", "path": "media/graph/graph_summary_f159e0fca0b87ee97433.graph.json", "sha256": "f159e0fca0b87ee974332c7e88813067faab999fd8d334d7b4c230fdc3d9e470", "size": 1737}, "epoch": 14, "_timestamp": 1646925671, "_runtime": 1808, "loss": 0.4847356379032135, "accuracy": 0.7747276425361633, "AUC": 0.8470194935798645, "val_loss": 0.49618351459503174, "val_accuracy": 0.7560997605323792, "val_AUC": 0.8266546726226807, "_step": 14, "best_val_loss": 0.46094146370887756, "best_epoch": 4, "_wandb": {"runtime": 1810}}