{"graph": {"_type": "graph-file", "path": "media/graph/graph_summary_5db81970be6b0a7c742e.graph.json", "sha256": "5db81970be6b0a7c742e42df9c4671ed4b71dfef5c619a87f9067be936ec1edf", "size": 2856}, "epoch": 49, "_timestamp": 1649520059, "_runtime": 647, "loss": 0.5264386534690857, "accuracy": 0.736652672290802, "AUC": 0.8146919012069702, "val_loss": 0.5206505060195923, "val_accuracy": 0.7357823848724365, "val_AUC": 0.8179852962493896, "_step": 49, "best_val_AUC": 0.8189104199409485, "best_epoch": 33, "_wandb": {"runtime": 647}}