{"graph": {"_type": "graph-file", "path": "media/graph/graph_summary_31ad5e3d21eab4a4da24.graph.json", "sha256": "31ad5e3d21eab4a4da24d6179e868e24037f17f8d9d9f247e76f01ffbf8699d3", "size": 2667}, "epoch": 24, "_timestamp": 1649265326, "_runtime": 3261, "loss": 0.47210344672203064, "accuracy": 0.7861080169677734, "AUC": 0.8561465740203857, "val_loss": 0.49911245703697205, "val_accuracy": 0.7668192386627197, "val_AUC": 0.8321680426597595, "_step": 24, "best_val_loss": 0.43960511684417725, "best_epoch": 4, "_wandb": {"runtime": 3263}}