{"graph": {"_type": "graph-file", "path": "media/graph/graph_summary_146159355bc359ec2eae.graph.json", "sha256": "146159355bc359ec2eae7bcac378201990cd60d860ff8b4f2107aa8d166754a9", "size": 998}, "epoch": 25, "_timestamp": 1647638318, "_runtime": 3696, "loss": 0.5256361365318298, "accuracy": 0.7429905533790588, "AUC": 0.8160004615783691, "val_loss": 0.5165086388587952, "val_accuracy": 0.7409725785255432, "val_AUC": 0.8130151033401489, "_step": 25, "best_val_loss": 0.48779481649398804, "best_epoch": 21, "_wandb": {"runtime": 3732}}