{"graph": {"_type": "graph-file", "path": "media/graph/graph_summary_6a27c0a73f3036672400.graph.json", "sha256": "6a27c0a73f303667240088c7f6997b8657a45bdebab36c5bc9669f4a0371d63e", "size": 1885}, "epoch": 9, "_timestamp": 1646428128, "_runtime": 1239, "loss": 0.00545760802924633, "accuracy": 0.7767573595046997, "AUC": 0.5652121305465698, "f1_score": 0.1763220876455307, "val_loss": 0.005163604859262705, "val_accuracy": 0.7720919847488403, "val_AUC": 0.5523075461387634, "val_f1_score": 0.1314844787120819, "_step": 9, "best_val_loss": 0.004857494030147791, "best_epoch": 8, "_wandb": {"runtime": 1241}}