{"graph": {"_type": "graph-file", "path": "media/graph/graph_summary_146159355bc359ec2eae.graph.json", "sha256": "146159355bc359ec2eae7bcac378201990cd60d860ff8b4f2107aa8d166754a9", "size": 998}, "epoch": 25, "_timestamp": 1647533388, "_runtime": 3465, "loss": 0.4979762136936188, "accuracy": 0.7648817896842957, "AUC": 0.8375384211540222, "val_loss": 0.5082230567932129, "val_accuracy": 0.7536351084709167, "val_AUC": 0.8144680857658386, "_step": 25, "best_val_loss": 0.4948666989803314, "best_epoch": 13, "_wandb": {"runtime": 3466}}