{"graph": {"_type": "graph-file", "path": "media/graph/graph_summary_31ad5e3d21eab4a4da24.graph.json", "sha256": "31ad5e3d21eab4a4da24d6179e868e24037f17f8d9d9f247e76f01ffbf8699d3", "size": 2667}, "epoch": 9, "_timestamp": 1649261652, "_runtime": 1281, "loss": 0.5036981105804443, "accuracy": 0.7642688751220703, "AUC": 0.8330470323562622, "val_loss": 0.4524310827255249, "val_accuracy": 0.7930701971054077, "val_AUC": 0.8371621370315552, "_step": 9, "best_val_loss": 0.43960511684417725, "best_epoch": 4, "_wandb": {"runtime": 1281}}