{"graph": {"_type": "graph-file", "path": "media/graph/graph_summary_75b32d90deaa462a9956.graph.json", "sha256": "75b32d90deaa462a9956780c693218ba66ffc929efc0525a927a52368f64039c", "size": 2667}, "epoch": 35, "_timestamp": 1649090275, "_runtime": 5479, "loss": 0.4607407748699188, "accuracy": 0.7912156581878662, "AUC": 0.8641392588615417, "val_loss": 0.4895247519016266, "val_accuracy": 0.7681233286857605, "val_AUC": 0.8258631825447083, "_step": 35, "best_val_loss": 0.4418429732322693, "best_epoch": 16, "_wandb": {"runtime": 5485}}