{"graph": {"_type": "graph-file", "path": "media/graph/graph_summary_90d0a948c2ce004564a2.graph.json", "sha256": "90d0a948c2ce004564a2b1eb9bbb56d0638ed6dcb9d494d82f61c76cc1d1458a", "size": 903}, "epoch": 299, "_timestamp": 1647461845, "_runtime": 193, "loss": 0.006633325945585966, "accuracy": 0.7850777506828308, "AUC": 0.5718353390693665, "val_loss": 0.00645618699491024, "val_accuracy": 0.7879321575164795, "val_AUC": 0.5776514410972595, "_step": 299, "best_val_loss": 0.006292963866144419, "best_epoch": 157, "_wandb": {"runtime": 190}}