{"graph": {"_type": "graph-file", "path": "media/graph/graph_summary_f159e0fca0b87ee97433.graph.json", "sha256": "f159e0fca0b87ee974332c7e88813067faab999fd8d334d7b4c230fdc3d9e470", "size": 1737}, "epoch": 19, "_timestamp": 1646930266, "_runtime": 1787, "loss": 0.007303647696971893, "accuracy": 0.7848604321479797, "AUC": 0.5823660492897034, "val_loss": 0.007314429618418217, "val_accuracy": 0.7774995565414429, "val_AUC": 0.5601039528846741, "_step": 19, "best_val_loss": 0.006761106196790934, "best_epoch": 18, "_wandb": {"runtime": 1788}}