{"graph": {"_type": "graph-file", "path": "media/graph/graph_summary_75b32d90deaa462a9956.graph.json", "sha256": "75b32d90deaa462a9956780c693218ba66ffc929efc0525a927a52368f64039c", "size": 2667}, "epoch": 21, "_timestamp": 1649249652, "_runtime": 2156, "loss": 0.004510082770138979, "accuracy": 0.7864383459091187, "AUC": 0.5903562307357788, "val_loss": -705.2899780273438, "val_accuracy": 0.7573125958442688, "val_AUC": 0.5005820989608765, "_step": 21, "best_val_loss": -1474574.125, "best_epoch": 18, "_wandb": {"runtime": 2247}}