{"graph": {"_type": "graph-file", "path": "media/graph/graph_summary_b3de27c6ff4930f7e7fa.graph.json", "sha256": "b3de27c6ff4930f7e7fa5c595f2d335a7888a020fbfd4b02b100e30eaca0914d", "size": 972}, "epoch": 3, "_timestamp": 1647469432, "_runtime": 524, "loss": 0.5437504053115845, "accuracy": 0.7211818695068359, "AUC": 0.8002976179122925, "val_loss": 0.5596755146980286, "val_accuracy": 0.7038587331771851, "val_AUC": 0.8078444004058838, "_step": 3, "best_val_loss": 0.5124760866165161, "best_epoch": 0, "_wandb": {"runtime": 551}}