{"graph": {"_type": "graph-file", "path": "media/graph/graph_summary_e39b8a9ee031f0b75f6d.graph.json", "sha256": "e39b8a9ee031f0b75f6d209338571cf26795f351ad30474283c0ae0167328252", "size": 2058}, "epoch": 29, "_timestamp": 1649516527, "_runtime": 4637, "loss": 0.5243695378303528, "accuracy": 0.752888560295105, "AUC": 0.8203783631324768, "val_loss": 0.5210009813308716, "val_accuracy": 0.7645893096923828, "val_AUC": 0.8258520364761353, "_step": 29, "best_val_AUC": 0.8258520364761353, "best_epoch": 29, "_wandb": {"runtime": 4634}}