{"graph": {"_type": "graph-file", "path": "media/graph/graph_summary_b3de27c6ff4930f7e7fa.graph.json", "sha256": "b3de27c6ff4930f7e7fa5c595f2d335a7888a020fbfd4b02b100e30eaca0914d", "size": 972}, "epoch": 49, "_timestamp": 1647505205, "_runtime": 35385, "loss": 0.01586536318063736, "accuracy": 0.7794484496116638, "AUC": 0.5761604905128479, "val_loss": 0.015974439680576324, "val_accuracy": 0.7844632863998413, "val_AUC": 0.6002781391143799, "_step": 49, "best_val_loss": 0.013840210624039173, "best_epoch": 41, "_wandb": {"runtime": 35392}}