{"graph": {"_type": "graph-file", "path": "media/graph/graph_summary_146159355bc359ec2eae.graph.json", "sha256": "146159355bc359ec2eae7bcac378201990cd60d860ff8b4f2107aa8d166754a9", "size": 998}, "epoch": 4, "_timestamp": 1647627303, "_runtime": 678, "loss": 0.54081130027771, "accuracy": 0.7250984311103821, "AUC": 0.802629828453064, "val_loss": 0.5321924686431885, "val_accuracy": 0.7352346777915955, "val_AUC": 0.8065347671508789, "_step": 4, "best_val_loss": 0.5108708739280701, "best_epoch": 2, "_wandb": {"runtime": 765}}