{"graph": {"_type": "graph-file", "path": "media/graph/graph_summary_6a27c0a73f3036672400.graph.json", "sha256": "6a27c0a73f303667240088c7f6997b8657a45bdebab36c5bc9669f4a0371d63e", "size": 1885}, "epoch": 22, "_timestamp": 1646438188, "_runtime": 3139, "loss": 0.005550282541662455, "accuracy": 0.7850708365440369, "AUC": 0.5785658359527588, "f1_score": 0.2330377697944641, "val_loss": 0.004928433336317539, "val_accuracy": 0.7831245064735413, "val_AUC": 0.5719533562660217, "val_f1_score": 0.2116350531578064, "_step": 22, "best_val_loss": -53825.71484375, "best_epoch": 7, "_wandb": {"runtime": 3145}}