{"graph": {"_type": "graph-file", "path": "media/graph/graph_summary_90d0a948c2ce004564a2.graph.json", "sha256": "90d0a948c2ce004564a2b1eb9bbb56d0638ed6dcb9d494d82f61c76cc1d1458a", "size": 903}, "epoch": 49, "_timestamp": 1647461606, "_runtime": 63, "loss": 0.007378852926194668, "accuracy": 0.7844213843345642, "AUC": 0.5769492983818054, "val_loss": 0.006620372179895639, "val_accuracy": 0.7900447249412537, "val_AUC": 0.5886363387107849, "_step": 49, "best_val_loss": 0.00636952742934227, "best_epoch": 46, "_wandb": {"runtime": 60}}