{"graph": {"_type": "graph-file", "path": "media/graph/graph_summary_75b32d90deaa462a9956.graph.json", "sha256": "75b32d90deaa462a9956780c693218ba66ffc929efc0525a927a52368f64039c", "size": 2667}, "epoch": 11, "_timestamp": 1649456145, "_runtime": 1631, "loss": 0.501618504524231, "accuracy": 0.7645862102508545, "AUC": 0.8345158696174622, "val_loss": 0.4934711456298828, "val_accuracy": 0.7672886848449707, "val_AUC": 0.8361452221870422, "_step": 11, "best_val_AUC": 0.8368059992790222, "best_epoch": 10, "_wandb": {"runtime": 1636}}